title;price;link
Sem título;899990.0;Sem link
Sem título;209999.0;Sem link
Sem título;499999.0;Sem link
Sem título;428541.0;Sem link
Sem título;483190.0;Sem link
Sem título;729990.0;Sem link
Sem título;233190.0;Sem link
Sem título;333190.0;Sem link
Sem título;359987.0;Sem link
Sem título;816590.0;Sem link
Sem título;385590.0;Sem link
Sem título;563990.0;Sem link
Sem título;305712.0;Sem link
Sem título;259990.0;Sem link
Sem título;411786.0;Sem link
Sem título;583190.0;Sem link
Sem título;439982.0;Sem link
Sem título;164940.0;Sem link
Sem título;403060.0;Sem link
Sem título;951065.0;Sem link
Sem título;261558.0;Sem link
Sem título;199930.0;Sem link
Sem título;329956.0;Sem link
Sem título;309990.0;Sem link
Sem título;999890.0;Sem link
Sem título;1099990.0;Sem link
Sem título;319916.0;Sem link
Sem título;435656.0;Sem link
Sem título;622440.0;Sem link
Sem título;179987.0;Sem link
Sem título;329990.0;Sem link
Sem título;169922.0;Sem link
Sem título;265000.0;Sem link
Sem título;429992.0;Sem link
Sem título;314990.0;Sem link
Sem título;219993.0;Sem link
Sem título;359990.0;Sem link
Sem título;729990.0;Sem link
Sem título;341472.0;Sem link
Sem título;638990.0;Sem link
Sem título;408090.0;Sem link
Sem título;339990.0;Sem link
Sem título;519990.0;Sem link
Sem título;459990.0;Sem link
Sem título;366399.0;Sem link
Sem título;366500.0;Sem link
Sem título;213000.0;Sem link
Sem título;380323.0;Sem link
Sem título;366500.0;Sem link
Sem título;816590.0;Sem link
Sem título;233190.0;Sem link
Sem título;403060.0;Sem link
Sem título;428541.0;Sem link
Sem título;563990.0;Sem link
Sem título;729990.0;Sem link
Sem título;233190.0;Sem link
Sem título;899990.0;Sem link
Sem título;299932.0;Sem link
Sem título;253190.0;Sem link
Sem título;759990.0;Sem link
Sem título;483190.0;Sem link
Sem título;333190.0;Sem link
Sem título;209999.0;Sem link
Sem título;359987.0;Sem link
Sem título;816590.0;Sem link
Sem título;499999.0;Sem link
Sem título;333190.0;Sem link
Sem título;366590.0;Sem link
Sem título;459890.0;Sem link
Sem título;439982.0;Sem link
Sem título;164940.0;Sem link
Sem título;385590.0;Sem link
Sem título;305712.0;Sem link
Sem título;368291.0;Sem link
Sem título;359064.0;Sem link
Sem título;319916.0;Sem link
Sem título;169922.0;Sem link
Sem título;259990.0;Sem link
Sem título;411786.0;Sem link
Sem título;583190.0;Sem link
Sem título;314990.0;Sem link
Sem título;519990.0;Sem link
Sem título;459990.0;Sem link
Sem título;951065.0;Sem link
Sem título;261558.0;Sem link
Sem título;199930.0;Sem link
Sem título;759990.0;Sem link
Sem título;329956.0;Sem link
Sem título;380090.0;Sem link
Sem título;309990.0;Sem link
Sem título;437290.0;Sem link
Sem título;999890.0;Sem link
Sem título;832398.0;Sem link
Sem título;435656.0;Sem link
Sem título;1250000.0;Sem link
Sem título;461900.0;Sem link
Sem título;1299991.0;Sem link
Sem título;275330.0;Sem link
Sem título;390000.0;Sem link
Sem título;622440.0;Sem link
Sem título;179987.0;Sem link
Sem título;369972.0;Sem link
Sem título;299981.0;Sem link
Sem título;313758.0;Sem link
Sem título;412990.0;Sem link
Sem título;366500.0;Sem link
Sem título;816590.0;Sem link
Sem título;233190.0;Sem link
Sem título;403060.0;Sem link
Sem título;428541.0;Sem link
Sem título;563990.0;Sem link
Sem título;729990.0;Sem link
Sem título;233190.0;Sem link
Sem título;899990.0;Sem link
Sem título;253190.0;Sem link
Sem título;759990.0;Sem link
Sem título;333190.0;Sem link
Sem título;483190.0;Sem link
Sem título;333190.0;Sem link
Sem título;209999.0;Sem link
Sem título;359987.0;Sem link
Sem título;816590.0;Sem link
Sem título;499999.0;Sem link
Sem título;366590.0;Sem link
Sem título;459890.0;Sem link
Sem título;1080800.0;Sem link
Sem título;439982.0;Sem link
Sem título;164940.0;Sem link
Sem título;385590.0;Sem link
Sem título;305712.0;Sem link
Sem título;368291.0;Sem link
Sem título;359064.0;Sem link
Sem título;319916.0;Sem link
Sem título;169922.0;Sem link
Sem título;259990.0;Sem link
Sem título;411786.0;Sem link
Sem título;583190.0;Sem link
Sem título;314990.0;Sem link
Sem título;519990.0;Sem link
Sem título;459990.0;Sem link
Sem título;951065.0;Sem link
Sem título;261558.0;Sem link
Sem título;199930.0;Sem link
Sem título;759990.0;Sem link
Sem título;329956.0;Sem link
Sem título;380090.0;Sem link
Sem título;309990.0;Sem link
Sem título;437290.0;Sem link
Sem título;999890.0;Sem link
Sem título;1099990.0;Sem link
Sem título;435656.0;Sem link
Sem título;1250000.0;Sem link
Sem título;461900.0;Sem link
Sem título;1299991.0;Sem link
Sem título;275330.0;Sem link
Sem título;390000.0;Sem link
Sem título;622440.0;Sem link
Sem título;179987.0;Sem link
Sem título;369972.0;Sem link
Sem título;299981.0;Sem link
Sem título;313758.0;Sem link
Sem título;412990.0;Sem link
Sem título;366500.0;Sem link
Sem título;233190.0;Sem link
Sem título;816590.0;Sem link
Sem título;403060.0;Sem link
Sem título;428541.0;Sem link
Sem título;563990.0;Sem link
Sem título;729990.0;Sem link
Sem título;233190.0;Sem link
Sem título;899990.0;Sem link
Sem título;759990.0;Sem link
Sem título;366590.0;Sem link
Sem título;333190.0;Sem link
Sem título;483190.0;Sem link
Sem título;333190.0;Sem link
Sem título;209999.0;Sem link
Sem título;359987.0;Sem link
Sem título;816590.0;Sem link
Sem título;499999.0;Sem link
Sem título;459890.0;Sem link
Sem título;999834.0;Sem link
Sem título;1080800.0;Sem link
Sem título;439982.0;Sem link
Sem título;164940.0;Sem link
Sem título;385590.0;Sem link
Sem título;305712.0;Sem link
Sem título;368291.0;Sem link
Sem título;359064.0;Sem link
Sem título;319916.0;Sem link
Sem título;169922.0;Sem link
Sem título;259990.0;Sem link
Sem título;411786.0;Sem link
Sem título;583190.0;Sem link
Sem título;314990.0;Sem link
Sem título;519990.0;Sem link
Sem título;459990.0;Sem link
Sem título;951065.0;Sem link
Sem título;261558.0;Sem link
Sem título;199930.0;Sem link
Sem título;759990.0;Sem link
Sem título;329956.0;Sem link
Sem título;380090.0;Sem link
Sem título;309990.0;Sem link
Sem título;437290.0;Sem link
Sem título;999890.0;Sem link
Sem título;1099990.0;Sem link
Sem título;435656.0;Sem link
Sem título;1250000.0;Sem link
Sem título;461900.0;Sem link
Sem título;1299991.0;Sem link
Sem título;275330.0;Sem link
Sem título;390000.0;Sem link
Sem título;622440.0;Sem link
Sem título;179987.0;Sem link
Sem título;341472.0;Sem link
Sem título;299981.0;Sem link
Sem título;313758.0;Sem link
Sem título;412990.0;Sem link
Sem título;366500.0;Sem link
Sem título;816590.0;Sem link
Sem título;233190.0;Sem link
Sem título;403060.0;Sem link
Sem título;428541.0;Sem link
Sem título;563990.0;Sem link
Sem título;729990.0;Sem link
Sem título;233190.0;Sem link
Sem título;899990.0;Sem link
Sem título;366590.0;Sem link
Sem título;759990.0;Sem link
Sem título;333190.0;Sem link
Sem título;483190.0;Sem link
Sem título;333190.0;Sem link
Sem título;209999.0;Sem link
Sem título;359987.0;Sem link
Sem título;816590.0;Sem link
Sem título;499999.0;Sem link
Sem título;459890.0;Sem link
Sem título;999834.0;Sem link
Sem título;1080800.0;Sem link
Sem título;439982.0;Sem link
Sem título;164940.0;Sem link
Sem título;385590.0;Sem link
Sem título;305712.0;Sem link
Sem título;368291.0;Sem link
Sem título;359064.0;Sem link
Sem título;319916.0;Sem link
Sem título;169922.0;Sem link
Sem título;259990.0;Sem link
Sem título;411786.0;Sem link
Sem título;583190.0;Sem link
Sem título;314990.0;Sem link
Sem título;519990.0;Sem link
Sem título;459990.0;Sem link
Sem título;951065.0;Sem link
Sem título;261558.0;Sem link
Sem título;199930.0;Sem link
Sem título;759990.0;Sem link
Sem título;329956.0;Sem link
Sem título;380090.0;Sem link
Sem título;309990.0;Sem link
Sem título;437290.0;Sem link
Sem título;999890.0;Sem link
Sem título;1099990.0;Sem link
Sem título;435656.0;Sem link
Sem título;1250000.0;Sem link
Sem título;461900.0;Sem link
Sem título;1299991.0;Sem link
Sem título;275330.0;Sem link
Sem título;390000.0;Sem link
Sem título;622440.0;Sem link
Sem título;179987.0;Sem link
Sem título;369972.0;Sem link
Sem título;299981.0;Sem link
Sem título;313758.0;Sem link
Sem título;412990.0;Sem link
Sem título;366500.0;Sem link
Sem título;816590.0;Sem link
Sem título;233190.0;Sem link
Sem título;403060.0;Sem link
Sem título;428541.0;Sem link
Sem título;563990.0;Sem link
Sem título;729990.0;Sem link
Sem título;233190.0;Sem link
Sem título;899990.0;Sem link
Sem título;253190.0;Sem link
Sem título;333190.0;Sem link
Sem título;366590.0;Sem link
Sem título;483190.0;Sem link
Sem título;333190.0;Sem link
Sem título;209999.0;Sem link
Sem título;359987.0;Sem link
Sem título;816590.0;Sem link
Sem título;499999.0;Sem link
Sem título;759990.0;Sem link
Sem título;459890.0;Sem link
Sem título;999834.0;Sem link
Sem título;439982.0;Sem link
Sem título;164940.0;Sem link
Sem título;385590.0;Sem link
Sem título;305712.0;Sem link
Sem título;368291.0;Sem link
Sem título;359064.0;Sem link
Sem título;319916.0;Sem link
Sem título;169922.0;Sem link
Sem título;259990.0;Sem link
Sem título;411786.0;Sem link
Sem título;583190.0;Sem link
Sem título;314990.0;Sem link
Sem título;519990.0;Sem link
Sem título;459990.0;Sem link
Sem título;951065.0;Sem link
Sem título;261558.0;Sem link
Sem título;199930.0;Sem link
Sem título;759990.0;Sem link
Sem título;329956.0;Sem link
Sem título;380090.0;Sem link
Sem título;309990.0;Sem link
Sem título;437290.0;Sem link
Sem título;999890.0;Sem link
Sem título;1099990.0;Sem link
Sem título;435656.0;Sem link
Sem título;1250000.0;Sem link
Sem título;461900.0;Sem link
Sem título;1299991.0;Sem link
Sem título;275330.0;Sem link
Sem título;390000.0;Sem link
Sem título;622440.0;Sem link
Sem título;179987.0;Sem link
Sem título;341472.0;Sem link
Sem título;299981.0;Sem link
Sem título;313758.0;Sem link
Sem título;412990.0;Sem link
Sem título;366500.0;Sem link
Sem título;816590.0;Sem link
Sem título;233190.0;Sem link
Sem título;403060.0;Sem link
Sem título;428541.0;Sem link
Sem título;563990.0;Sem link
Sem título;729990.0;Sem link
Sem título;233190.0;Sem link
Sem título;899990.0;Sem link
Sem título;253190.0;Sem link
Sem título;759990.0;Sem link
Sem título;333190.0;Sem link
Sem título;483190.0;Sem link
Sem título;333190.0;Sem link
Sem título;209999.0;Sem link
Sem título;359987.0;Sem link
Sem título;816590.0;Sem link
Sem título;499999.0;Sem link
Sem título;366590.0;Sem link
Sem título;459890.0;Sem link
Sem título;999834.0;Sem link
Sem título;439982.0;Sem link
Sem título;164940.0;Sem link
Sem título;385590.0;Sem link
Sem título;305712.0;Sem link
Sem título;368291.0;Sem link
Sem título;359064.0;Sem link
Sem título;319916.0;Sem link
Sem título;169922.0;Sem link
Sem título;259990.0;Sem link
Sem título;411786.0;Sem link
Sem título;583190.0;Sem link
Sem título;314990.0;Sem link
Sem título;519990.0;Sem link
Sem título;459990.0;Sem link
Sem título;951065.0;Sem link
Sem título;261558.0;Sem link
Sem título;199930.0;Sem link
Sem título;759990.0;Sem link
Sem título;329956.0;Sem link
Sem título;380090.0;Sem link
Sem título;309990.0;Sem link
Sem título;437290.0;Sem link
Sem título;999890.0;Sem link
Sem título;1099990.0;Sem link
Sem título;435656.0;Sem link
Sem título;1250000.0;Sem link
Sem título;461900.0;Sem link
Sem título;1299991.0;Sem link
Sem título;275330.0;Sem link
Sem título;390000.0;Sem link
Sem título;622440.0;Sem link
Sem título;179987.0;Sem link
Sem título;341472.0;Sem link
Sem título;299981.0;Sem link
Sem título;313758.0;Sem link
Sem título;412990.0;Sem link
Sem título;366500.0;Sem link
Sem título;816590.0;Sem link
Sem título;233190.0;Sem link
Sem título;403060.0;Sem link
Sem título;428541.0;Sem link
Sem título;563990.0;Sem link
Sem título;729990.0;Sem link
Sem título;233190.0;Sem link
Sem título;899990.0;Sem link
Sem título;299932.0;Sem link
Sem título;759990.0;Sem link
Sem título;333190.0;Sem link
Sem título;483190.0;Sem link
Sem título;333190.0;Sem link
Sem título;209999.0;Sem link
Sem título;359987.0;Sem link
Sem título;816590.0;Sem link
Sem título;499999.0;Sem link
Sem título;366590.0;Sem link
Sem título;459890.0;Sem link
Sem título;999834.0;Sem link
Sem título;439982.0;Sem link
Sem título;164940.0;Sem link
Sem título;385590.0;Sem link
Sem título;305712.0;Sem link
Sem título;368291.0;Sem link
Sem título;359064.0;Sem link
Sem título;319916.0;Sem link
Sem título;169922.0;Sem link
Sem título;259990.0;Sem link
Sem título;411786.0;Sem link
Sem título;583190.0;Sem link
Sem título;314990.0;Sem link
Sem título;519990.0;Sem link
Sem título;459990.0;Sem link
Sem título;951065.0;Sem link
Sem título;261558.0;Sem link
Sem título;199930.0;Sem link
Sem título;759990.0;Sem link
Sem título;329956.0;Sem link
Sem título;380090.0;Sem link
Sem título;309990.0;Sem link
Sem título;437290.0;Sem link
Sem título;999890.0;Sem link
Sem título;1099990.0;Sem link
Sem título;435656.0;Sem link
Sem título;1250000.0;Sem link
Sem título;461900.0;Sem link
Sem título;1299991.0;Sem link
Sem título;275330.0;Sem link
Sem título;390000.0;Sem link
Sem título;622440.0;Sem link
Sem título;179987.0;Sem link
Sem título;369972.0;Sem link
Sem título;299981.0;Sem link
Sem título;313758.0;Sem link
Sem título;412990.0;Sem link
Sem título;366500.0;Sem link
Sem título;816590.0;Sem link
Sem título;299932.0;Sem link
Sem título;403060.0;Sem link
Sem título;428541.0;Sem link
Sem título;563990.0;Sem link
Sem título;729990.0;Sem link
Sem título;233190.0;Sem link
Sem título;899990.0;Sem link
Sem título;233190.0;Sem link
Sem título;759990.0;Sem link
Sem título;333190.0;Sem link
Sem título;483190.0;Sem link
Sem título;333190.0;Sem link
Sem título;209999.0;Sem link
Sem título;359987.0;Sem link
Sem título;816590.0;Sem link
Sem título;499999.0;Sem link
Sem título;366590.0;Sem link
Sem título;459890.0;Sem link
Sem título;999834.0;Sem link
Sem título;439982.0;Sem link
Sem título;164940.0;Sem link
Sem título;385590.0;Sem link
Sem título;305712.0;Sem link
Sem título;329990.0;Sem link
Sem título;359064.0;Sem link
Sem título;319916.0;Sem link
Sem título;169922.0;Sem link
Sem título;259990.0;Sem link
Sem título;411786.0;Sem link
Sem título;583190.0;Sem link
Sem título;314990.0;Sem link
Sem título;519990.0;Sem link
Sem título;459990.0;Sem link
Sem título;951065.0;Sem link
Sem título;261558.0;Sem link
Sem título;199930.0;Sem link
Sem título;759990.0;Sem link
Sem título;329956.0;Sem link
Sem título;380090.0;Sem link
Sem título;309990.0;Sem link
Sem título;437290.0;Sem link
Sem título;999890.0;Sem link
Sem título;1099990.0;Sem link
Sem título;435656.0;Sem link
Sem título;1250000.0;Sem link
Sem título;461900.0;Sem link
Sem título;1299991.0;Sem link
Sem título;275330.0;Sem link
Sem título;390000.0;Sem link
Sem título;622440.0;Sem link
Sem título;179987.0;Sem link
